<?xml version="1.0" encoding="UTF-8"?>
<cherrytree>
  <node unique_id="2" master_id="0" name="BASIC" prog_lang="custom-colors" tags="" readonly="0" nosearch_me="0" nosearch_ch="0" custom_icon_id="0" is_bold="0" foreground="" ts_creation="1756326123" ts_lastsave="1756326670">
    <rich_text># </rich_text>
    <rich_text weight="heavy">mysql -u root -p</rich_text>
    <rich_text>
Enter password: 
Welcome to the MariaDB monitor.  Commands end with ; or \g.
Your MariaDB connection id is 31
Server version: 11.8.2-MariaDB-1 from Debian -- Please help get to 10k stars at https://github.com/MariaDB/Server

Copyright (c) 2000, 2018, Oracle, MariaDB Corporation Ab and others.

Type 'help;' or '\h' for help. Type '\c' to clear the current input statement.

MariaDB [(none)]&gt; ^C
MariaDB [(none)]&gt; </rich_text>
    <rich_text weight="heavy">show databases;</rich_text>
    <rich_text>
+--------------------+
| Database           |
+--------------------+
| information_schema |
| mysql              |
| performance_schema |
| sys                |
+--------------------+
4 rows in set (0.005 sec)

MariaDB [(none)]&gt; </rich_text>
    <rich_text weight="heavy">create database my_database;</rich_text>
    <rich_text>
Query OK, 1 row affected (0.000 sec)

MariaDB [(none)]&gt; </rich_text>
    <rich_text weight="heavy">show databases;</rich_text>
    <rich_text>
+--------------------+
| Database           |
+--------------------+
| information_schema |
| my_database        |
| mysql              |
| performance_schema |
| sys                |
+--------------------+
5 rows in set (0.001 sec)

MariaDB [(none)]&gt; </rich_text>
    <rich_text weight="heavy">use my_database</rich_text>
    <rich_text>
Database changed
MariaDB [my_database]&gt; </rich_text>
    <rich_text weight="heavy">create table my_table(
     -&gt; id int primary key,
     -&gt; name varchar(50),
     -&gt; age int
     -&gt; );</rich_text>
    <rich_text>
Query OK, 0 rows affected (0.009 sec)

MariaDB [my_database]&gt; </rich_text>
    <rich_text style="italic" weight="heavy">show table;</rich_text>
    <rich_text>
ERROR 1064 (42000): You have an error in your SQL syntax; check the manual that corresponds to your MariaDB server version for the right syntax to use near '' at line 1
MariaDB [my_database]&gt; </rich_text>
    <rich_text weight="heavy">show tables;</rich_text>
    <rich_text>
+-----------------------+
| Tables_in_my_database |
+-----------------------+
| my_table              |
+-----------------------+
1 row in set (0.001 sec)

MariaDB [my_database]&gt; select * from my_table
    -&gt; ^C
MariaDB [my_database]&gt; </rich_text>
    <rich_text weight="heavy">select * from my_table;</rich_text>
    <rich_text>
Empty set (0.001 sec)

MariaDB [my_database]&gt; </rich_text>
    <rich_text weight="heavy">insert into my_table (id, name,age) values (1,'john',24);</rich_text>
    <rich_text>
Query OK, 1 row affected (0.001 sec)

MariaDB [my_database]&gt; select * from my_table;
+----+------+------+
| id | name | age  |
+----+------+------+
|  1 | john |   24 |
+----+------+------+
1 row in set (0.000 sec)

MariaDB [my_database]&gt; insert into my_table (id, name,age) values (2,'johnny',34);
Query OK, 1 row affected (0.001 sec)

MariaDB [my_database]&gt; insert into my_table (id, name,age) values (3,'joe',34);
Query OK, 1 row affected (0.001 sec)

MariaDB [my_database]&gt; select * from my_table;
+----+--------+------+
| id | name   | age  |
+----+--------+------+
|  1 | john   |   24 |
|  2 | johnny |   34 |
|  3 | joe    |   34 |
+----+--------+------+
3 rows in set (0.000 sec)

MariaDB [my_database]&gt; </rich_text>
    <rich_text weight="heavy">update my_table set age = 23 where id = 2;</rich_text>
    <rich_text>
Query OK, 1 row affected (0.001 sec)
Rows matched: 1  Changed: 1  Warnings: 0

MariaDB [my_database]&gt; </rich_text>
    <rich_text weight="heavy">delete from my_table where id = 1;</rich_text>
    <rich_text>
Query OK, 1 row affected (0.001 sec)

MariaDB [my_database]&gt; select * from my_table;
+----+--------+------+
| id | name   | age  |
+----+--------+------+
|  2 | johnny |   23 |
|  3 | joe    |   34 |
+----+--------+------+
2 rows in set (0.001 sec)

MariaDB [my_database]&gt; </rich_text>
    <rich_text scale="small">drop table;</rich_text>
    <rich_text>
ERROR 1064 (42000): You have an error in your SQL syntax; check the manual that corresponds to your MariaDB server version for the right syntax to use near '' at line 1
MariaDB [my_database]&gt; drop table my_table
    -&gt; ^C
MariaDB [my_database]&gt; </rich_text>
    <rich_text weight="heavy">drop table my_table;</rich_text>
    <rich_text>
Query OK, 0 rows affected (0.004 sec)

MariaDB [my_database]&gt; show tables;
Empty set (0.000 sec)

MariaDB [my_database]&gt; show databases;
+--------------------+
| Database           |
+--------------------+
| information_schema |
| my_database        |
| mysql              |
| performance_schema |
| sys                |
+--------------------+
5 rows in set (0.001 sec)

MariaDB [my_database]&gt; use mysql;
Reading table information for completion of table and column names
You can turn off this feature to get a quicker startup with -A

Database changed
MariaDB </rich_text>
    <rich_text weight="heavy">[mysql]&gt; drop database my_database;</rich_text>
    <rich_text>
Query OK, 0 rows affected (0.002 sec)

MariaDB [mysql]&gt; </rich_text>
    <rich_text weight="heavy">exit;</rich_text>
    <rich_text>
</rich_text>
  </node>
</cherrytree>
